"pitches","player_id","player_name","total_pitches","pitch_percent","ba","iso","babip","slg","woba","xwoba","xba","hits","abs","launch_speed","launch_angle","spin_rate","velocity","effective_speed","whiffs","swings","takes","eff_min_vel","release_extension","pos3_int_start_distance","pos4_int_start_distance","pos5_int_start_distance","pos6_int_start_distance","pos7_int_start_distance","pos8_int_start_distance","pos9_int_start_distance"
"1418",543760,"Semien, Marcus","1418","100.0","0.278","0.242","0.324","0.520","0.369","0.325","0.238","85","306","89.8","17.8","2265","89.0","88.55","150","622","796","-0.5","6.24","107","152","118","146","300","323","288"
"1393",592192,"Canha, Mark","1393","100.0","0.255","0.196","0.301","0.450","0.363","0.361","0.252","69","271","89.0","15.4","2301","88.3","87.41","119","544","849","-0.9","6.34","108","153","120","147","302","326","293"
"1380",543257,"Grossman, Robbie","1380","100.0","0.228","0.158","0.280","0.386","0.319","0.325","0.227","62","272","88.7","19.3","2238","89.2","89.07","128","533","847","-0.1","6.28","115","157","115","150","293","324","297"
"1351",656305,"Chapman, Matt","1351","100.0","0.226","0.174","0.305","0.400","0.316","0.309","0.209","60","265","89.0","17.1","2257","89.1","88.07","203","596","755","-1.0","6.30","107","152","121","146","305","328","296"
"1348",607208,"Turner, Trea","1348","100.0","0.310","0.162","0.363","0.471","0.361","0.348","0.287","92","297","88.7","10.2","2281","89.2","88.99","146","634","714","-0.2","6.41","105","151","113","146","305","321","291"
"1328",656555,"Hoskins, Rhys","1328","100.0","0.230","0.227","0.261","0.457","0.328","0.345","0.239","65","282","91.1","20.6","2253","89.3","89.21","163","607","721","-0.1","6.33","107","153","121","147","302","326","295"
"1323",640457,"Meadows, Austin","1323","100.0","0.238","0.249","0.273","0.487","0.349","0.330","0.226","66","277","89.9","22.4","2221","89.1","88.67","163","608","714","-0.4","6.45","113","160","126","150","294","326","301"
"1321",666185,"Carlson, Dylan","1321","100.0","0.265","0.142","0.335","0.407","0.332","0.335","0.255","71","268","88.6","13.4","2238","88.5","88.14","160","560","761","-0.4","6.30","113","152","118","149","300","322","299"
"1319",663993,"Lowe, Nate","1319","100.0","0.257","0.151","0.333","0.408","0.340","0.348","0.248","70","272","91.3","7.0","2270","89.4","88.59","158","585","734","-0.8","6.21","114","160","125","152","298","330","306"
"1317",518692,"Freeman, Freddie","1317","100.0","0.254","0.218","0.267","0.471","0.355","0.412","0.302","71","280","92.4","13.6","2211","89.7","89.75","151","650","667","0.1","6.36","118","163","132","150","300","327","306"
"1308",660162,"Moncada, Yoán","1308","100.0","0.278","0.120","0.388","0.398","0.360","0.355","0.255","67","241","89.9","11.1","2261","89.3","88.80","152","528","780","-0.5","6.22","112","155","121","148","294","325","300"
"1300",621043,"Correa, Carlos","1300","100.0","0.305","0.235","0.327","0.540","0.402","0.377","0.297","83","272","90.7","12.4","2206","88.5","88.15","112","528","772","-0.4","6.34","108","152","120","147","301","329","290"
"1292",656775,"Mullins, Cedric","1292","100.0","0.312","0.226","0.358","0.538","0.392","0.346","0.272","91","292","88.5","13.5","2241","88.8","88.47","118","598","694","-0.3","6.34","107","146","99","150","288","320","298"
"1285",518934,"LeMahieu, DJ","1285","100.0","0.271","0.106","0.303","0.377","0.319","0.346","0.290","79","292","90.1","3.1","2250","89.3","89.21","90","548","737","-0.1","6.37","109","151","121","150","312","324","287"
"1284",592450,"Judge, Aaron","1284","100.0","0.285","0.221","0.355","0.506","0.383","0.432","0.324","75","263","96.6","10.5","2271","88.8","88.81","171","568","716","0.0","6.38","107","153","123","147","309","331","294"
"1281",669242,"Edman, Tommy","1281","100.0","0.259","0.109","0.284","0.367","0.294","0.317","0.274","81","313","86.3","7.5","2263","89.3","89.02","88","633","648","-0.3","6.36","116","151","112","150","294","319","298"
"1278",502671,"Goldschmidt, Paul","1278","100.0","0.253","0.165","0.293","0.418","0.322","0.372","0.280","72","285","93.0","17.3","2288","89.2","88.65","151","603","675","-0.5","6.31","106","152","121","147","309","325","297"
"1278",608336,"Gallo, Joey","1278","100.0","0.223","0.211","0.295","0.434","0.363","0.376","0.225","54","242","89.7","19.0","2257","88.6","87.75","200","525","753","-0.9","6.19","115","178","127","153","307","335","307"
"1272",593428,"Bogaerts, Xander","1272","100.0","0.327","0.227","0.368","0.554","0.401","0.379","0.301","88","269","88.8","11.2","2259","88.2","87.94","131","578","694","-0.3","6.27","106","151","120","147","296","324","297"
"1271",668227,"Arozarena, Randy","1271","100.0","0.266","0.160","0.351","0.426","0.336","0.289","0.214","75","282","90.4","8.0","2243","88.0","87.78","197","572","698","-0.2","6.49","106","152","117","148","302","327","294"
"1269",467793,"Santana, Carlos","1269","100.0","0.245","0.161","0.251","0.406","0.341","0.367","0.250","64","261","90.4","13.5","2186","88.9","88.57","127","539","730","-0.3","6.22","113","161","126","149","304","330","304"
"1268",641820,"Mancini, Trey","1268","100.0","0.256","0.204","0.294","0.460","0.342","0.374","0.286","73","285","88.9","9.7","2258","88.5","87.83","166","606","662","-0.7","6.35","107","151","121","147","306","325","291"
"1256",553993,"Suárez, Eugenio","1256","100.0","0.175","0.204","0.188","0.380","0.277","0.314","0.209","48","274","87.6","16.5","2255","88.4","88.08","168","535","721","-0.3","6.33","106","152","120","144","301","326","298"
"1253",666182,"Bichette, Bo","1253","100.0","0.282","0.197","0.330","0.479","0.349","0.353","0.277","87","309","90.8","4.6","2289","89.6","89.61","161","695","558","0.0","6.28","108","152","120","148","305","325","288"
"1245",630105,"Cronenworth, Jake","1245","100.0","0.283","0.190","0.300","0.472","0.356","0.350","0.274","82","290","88.1","12.8","2265","89.8","89.39","67","520","725","-0.4","6.28","115","150","114","151","289","322","306"
"1244",621566,"Olson, Matt","1244","100.0","0.296","0.292","0.292","0.588","0.404","0.395","0.273","79","267","92.3","16.8","2279","88.1","87.76","137","583","661","-0.3","6.27","115","169","126","151","301","330","302"
"1237",624428,"Frazier, Adam","1237","100.0","0.325","0.144","0.361","0.469","0.377","0.334","0.290","95","292","85.5","14.5","2273","88.7","88.35","70","578","659","-0.3","6.24","117","150","108","150","284","312","295"
"1235",571745,"Haniger, Mitch","1235","100.0","0.248","0.227","0.278","0.476","0.328","0.341","0.262","71","286","89.3","14.2","2262","88.4","88.11","178","588","646","-0.3","6.28","108","152","121","145","300","322","293"
"1231",514917,"Hernandez, Cesar","1231","100.0","0.216","0.169","0.244","0.385","0.300","0.338","0.260","60","278","88.7","11.1","2179","88.9","88.70","119","539","692","-0.2","6.23","109","150","102","148","291","317","293"
"1229",669256,"Solak, Nick","1229","100.0","0.233","0.134","0.293","0.367","0.298","0.311","0.242","66","283","89.1","7.9","2268","88.2","87.78","168","587","642","-0.4","6.22","106","152","117","147","307","326","292"
"1225",605141,"Betts, Mookie","1225","100.0","0.248","0.204","0.268","0.452","0.357","0.358","0.260","62","250","89.6","19.0","2290","89.3","87.34","84","482","743","-2.0","6.24","109","153","120","146","304","324","300"
"1222",457759,"Turner, Justin","1222","100.0","0.288","0.188","0.323","0.477","0.373","0.367","0.274","75","260","91.3","18.3","2285","89.2","87.98","103","522","700","-1.2","6.28","106","151","122","147","305","324","297"
"1221",502054,"Pham, Tommy","1221","100.0","0.250","0.147","0.313","0.397","0.344","0.375","0.261","58","232","90.8","8.5","2298","89.0","88.91","122","468","753","-0.1","6.29","109","152","117","147","304","324","294"
"1220",660670,"Acuña Jr., Ronald","1220","100.0","0.278","0.310","0.305","0.588","0.410","0.427","0.290","71","255","94.0","19.0","2227","89.9","90.02","145","512","708","0.1","6.40","109","153","118","146","311","329","297"
"1219",645277,"Albies, Ozzie","1219","100.0","0.254","0.239","0.270","0.493","0.348","0.357","0.274","72","284","89.2","21.9","2233","88.5","88.47","180","679","540","0.0","6.34","113","153","116","149","299","323","298"
"1217",570731,"Schoop, Jonathan","1217","100.0","0.276","0.208","0.304","0.484","0.348","0.324","0.253","77","279","89.1","9.4","2263","88.8","88.51","146","615","602","-0.3","6.31","109","154","122","148","300","326","294"
"1215",641487,"Crawford, J.P.","1215","100.0","0.285","0.120","0.333","0.405","0.328","0.308","0.266","78","274","85.4","9.2","2230","89.2","89.09","94","546","668","-0.1","6.24","115","152","110","151","285","317","299"
"1213",500871,"Escobar, Eduardo","1213","100.0","0.254","0.230","0.275","0.484","0.335","0.318","0.241","73","287","87.8","20.1","2262","89.8","87.89","147","598","615","-1.9","6.31","112","155","123","148","299","323","300"
"1205",621020,"Swanson, Dansby","1205","100.0","0.233","0.204","0.284","0.437","0.308","0.333","0.252","65","279","89.7","13.9","2267","88.5","88.77","186","597","608","0.3","6.42","106","152","114","146","307","323","289"
"1202",608070,"Ramírez, José","1202","100.0","0.258","0.254","0.243","0.512","0.360","0.393","0.298","66","256","91.1","18.7","2159","88.2","88.14","88","532","670","-0.1","6.24","110","159","123","148","296","322","296"
"1200",621035,"Taylor, Chris","1200","100.0","0.264","0.190","0.340","0.455","0.365","0.369","0.259","64","242","88.8","13.7","2264","89.3","87.98","177","544","656","-1.3","6.25","107","152","116","147","305","323","296"
"1194",665489,"Guerrero Jr., Vladimir","1194","100.0","0.339","0.343","0.346","0.683","0.468","0.441","0.319","92","271","94.8","8.3","2248","89.4","89.48","156","532","662","0.1","6.29","109","153","122","148","305","328","294"
"1194",657077,"Verdugo, Alex","1194","100.0","0.278","0.159","0.296","0.437","0.337","0.353","0.290","75","270","90.3","6.4","2207","89.1","88.89","82","534","660","-0.2","6.20","115","154","122","150","286","321","305"
"1192",668804,"Reynolds, Bryan","1192","100.0","0.311","0.223","0.363","0.534","0.400","0.376","0.277","82","264","88.2","11.2","2214","88.2","88.07","147","560","632","-0.1","6.23","112","153","120","149","297","318","295"
"1192",608385,"Winker, Jesse","1192","100.0","0.325","0.265","0.343","0.590","0.420","0.409","0.312","87","268","91.8","10.8","2251","88.7","88.56","106","534","658","-0.1","6.32","115","157","125","149","295","325","304"
"1189",572122,"Seager, Kyle","1189","100.0","0.216","0.199","0.250","0.415","0.299","0.327","0.231","62","287","89.4","19.8","2216","88.1","88.10","188","613","576","0.0","6.27","115","166","122","152","293","323","301"
"1186",593160,"Merrifield, Whit","1186","100.0","0.273","0.135","0.295","0.407","0.316","0.318","0.271","81","297","86.5","12.8","2269","89.3","88.80","84","577","609","-0.5","6.28","104","150","107","146","305","323","291"
"1176",547989,"Abreu, José","1176","100.0","0.239","0.193","0.279","0.432","0.325","0.337","0.236","62","259","92.2","9.5","2300","89.0","88.83","179","559","617","-0.2","6.27","106","151","121","145","302","326","296"
"1168",592178,"Bryant, Kris","1168","100.0","0.268","0.245","0.312","0.514","0.372","0.353","0.264","69","257","87.4","13.0","2317","89.1","89.03","143","543","625","-0.1","6.37","105","152","120","146","301","324","295"
"1163",665120,"Walsh, Jared","1163","100.0","0.286","0.279","0.349","0.565","0.384","0.336","0.260","77","269","89.7","8.9","2236","88.3","87.98","156","575","588","-0.3","6.28","116","163","125","152","298","325","306"
"1161",663586,"Riley, Austin","1161","100.0","0.271","0.186","0.341","0.457","0.350","0.353","0.261","70","258","89.3","11.3","2267","89.5","89.67","164","563","598","0.2","6.42","106","152","119","147","308","326","294"
"1161",643396,"Kiner-Falefa, Isiah","1161","100.0","0.275","0.115","0.314","0.390","0.304","0.295","0.269","86","313","86.2","3.2","2268","88.6","87.95","96","558","603","-0.7","6.21","108","152","115","148","306","322","287"
"1161",668942,"Rojas, Josh","1161","100.0","0.261","0.177","0.333","0.438","0.335","0.313","0.239","65","249","89.0","7.2","2251","89.6","87.15","122","490","671","-2.5","6.34","118","155","116","151","295","321","303"
"1153",596019,"Lindor, Francisco","1153","100.0","0.215","0.146","0.229","0.360","0.295","0.325","0.238","56","261","88.6","10.0","2236","88.7","88.40","115","531","621","-0.3","6.33","111","150","112","148","297","324","301"
"1153",600869,"Candelario, Jeimer","1153","100.0","0.261","0.107","0.350","0.368","0.317","0.314","0.247","66","253","88.0","13.4","2229","88.3","88.13","137","535","618","-0.2","6.27","113","159","120","151","294","325","298"
"1152",457705,"McCutchen, Andrew","1152","100.0","0.227","0.215","0.250","0.442","0.341","0.367","0.255","53","233","89.5","10.9","2262","89.2","89.29","126","468","684","0.1","6.33","108","152","118","146","302","323","290"
"1148",664040,"Lowe, Brandon","1148","100.0","0.202","0.202","0.253","0.405","0.313","0.343","0.228","52","257","88.7","13.1","2248","88.7","88.36","207","588","560","-0.3","6.44","116","159","116","152","292","325","303"
"1147",571448,"Arenado, Nolan","1147","100.0","0.269","0.245","0.270","0.514","0.353","0.316","0.256","77","286","88.4","20.6","2334","89.5","89.44","100","538","609","-0.1","6.37","107","152","121","147","308","326","298"
"1147",656941,"Schwarber, Kyle","1147","100.0","0.249","0.302","0.275","0.551","0.374","0.385","0.260","61","245","91.9","13.9","2241","88.8","88.46","146","490","657","-0.3","6.35","117","164","124","151","301","325","305"
"1145",646240,"Devers, Rafael","1145","100.0","0.276","0.287","0.319","0.564","0.379","0.397","0.289","76","275","92.8","9.6","2243","89.6","89.20","194","652","493","-0.4","6.26","116","154","122","151","290","325","305"
"1144",664702,"Straw, Myles","1144","100.0","0.266","0.069","0.327","0.335","0.302","0.296","0.255","66","248","85.5","9.2","2233","89.0","88.54","60","478","666","-0.5","6.33","104","149","107","145","298","318","281"
"1142",660271,"Ohtani, Shohei","1142","100.0","0.270","0.373","0.303","0.643","0.413","0.425","0.280","68","252","92.1","15.9","2224","88.4","87.91","193","556","586","-0.5","6.28","116","155","125","152","300","328","309"
"1140",641857,"McMahon, Ryan","1140","100.0","0.249","0.245","0.288","0.494","0.337","0.340","0.253","65","261","91.7","16.7","2270","88.7","88.52","176","566","574","-0.2","6.29","113","156","124","150","302","333","312"
"1140",670541,"Alvarez, Yordan","1140","100.0","0.306","0.236","0.377","0.541","0.389","0.382","0.280","74","242","91.4","12.0","2175","88.0","87.72","105","488","652","-0.3","6.32","117","164","134","156","294","332","304"
"1139",493329,"Gurriel, Yuli","1139","100.0","0.337","0.186","0.336","0.523","0.391","0.341","0.282","87","258","90.9","13.8","2219","88.9","88.34","68","499","640","-0.6","6.34","109","152","122","148","300","328","292"
"1137",606132,"Tapia, Raimel","1137","100.0","0.299","0.115","0.333","0.413","0.330","0.296","0.269","86","288","86.8","-3.0","2281","89.2","88.94","88","595","542","-0.3","6.24","117","151","106","150","293","328","308"
"1136",502110,"Martinez, J.D.","1136","100.0","0.301","0.233","0.357","0.534","0.379","0.370","0.283","84","279","92.2","16.9","2267","88.8","88.55","182","611","525","-0.2","6.25","106","152","122","147","298","327","300"
"1134",476704,"Lowrie, Jed","1134","100.0","0.246","0.129","0.300","0.375","0.309","0.364","0.274","63","256","91.2","16.4","2237","88.4","88.37","114","502","632","0.0","6.31","113","159","119","151","298","322","295"
"1130",542583,"Aguilar, Jesús","1130","100.0","0.260","0.193","0.273","0.453","0.327","0.350","0.283","66","254","90.4","17.9","2279","88.9","88.55","134","529","601","-0.3","6.36","108","152","120","147","306","324","295"
"1127",514888,"Altuve, Jose","1127","100.0","0.296","0.225","0.300","0.521","0.379","0.356","0.276","79","267","87.6","13.6","2207","88.2","87.46","99","518","609","-0.7","6.33","105","152","110","145","296","327","290"
"1120",650490,"Díaz, Yandy","1120","100.0","0.245","0.059","0.293","0.304","0.314","0.322","0.239","58","237","89.5","3.9","2257","89.4","89.30","80","443","676","-0.1","6.49","107","152","122","149","309","327","291"
"1118",666969,"García, Adolis","1118","100.0","0.275","0.267","0.323","0.543","0.363","0.357","0.263","71","258","92.0","12.6","2260","88.5","88.04","201","602","516","-0.5","6.19","106","152","119","146","308","330","297"
"1113",593871,"Polanco, Jorge","1113","100.0","0.254","0.177","0.275","0.431","0.326","0.354","0.272","66","260","88.7","16.4","2214","88.6","88.04","87","521","592","-0.6","6.24","110","151","110","150","297","323","296"
"1113",665742,"Soto, Juan","1113","100.0","0.273","0.155","0.304","0.427","0.358","0.419","0.315","60","220","92.6","5.2","2235","89.6","89.36","85","405","708","-0.2","6.38","114","155","130","151","302","327","307"
"1109",592206,"Castellanos, Nick","1109","100.0","0.348","0.251","0.401","0.599","0.423","0.399","0.323","97","279","90.1","14.0","2256","88.1","88.05","171","604","505","0.0","6.34","105","152","120","145","304","327","296"
"1105",663656,"Tucker, Kyle","1105","100.0","0.269","0.229","0.278","0.498","0.351","0.409","0.322","68","253","91.4","17.7","2200","87.9","87.51","116","574","531","-0.4","6.29","118","163","125","155","293","330","303"
"1104",521692,"Perez, Salvador","1104","100.0","0.281","0.236","0.327","0.517","0.350","0.368","0.285","82","292","92.9","15.0","2271","89.0","89.01","223","664","440","0.0","6.29","104","151","122","146","308","330","302"
"1104",664761,"Bohm, Alec","1104","100.0","0.238","0.085","0.314","0.323","0.263","0.319","0.276","62","260","92.6","4.6","2266","89.9","89.45","147","558","546","-0.5","6.33","107","152","120","149","307","322","289"
"1095",650402,"Torres, Gleyber","1095","100.0","0.242","0.075","0.299","0.317","0.291","0.317","0.248","58","240","85.8","13.6","2269","88.8","88.61","138","511","584","-0.2","6.37","106","153","121","147","305","324","286"
"1092",649966,"Urías, Luis","1092","100.0","0.236","0.166","0.291","0.402","0.321","0.311","0.217","54","229","87.2","14.0","2274","89.4","87.50","128","505","587","-1.9","6.27","108","151","115","146","301","319","290"
"1091",571970,"Muncy, Max","1091","100.0","0.262","0.271","0.282","0.533","0.405","0.433","0.291","55","210","91.5","14.5","2281","88.4","87.12","86","376","715","-1.3","6.25","115","162","136","152","299","324","307"
"1091",624585,"Soler, Jorge","1091","100.0","0.182","0.142","0.245","0.324","0.275","0.325","0.215","41","225","93.1","17.8","2285","88.6","88.00","165","504","587","-0.6","6.26","106","152","123","146","307","333","304"
"1079",592518,"Machado, Manny","1079","100.0","0.262","0.200","0.279","0.462","0.342","0.372","0.280","68","260","93.6","12.7","2316","89.4","89.23","113","482","597","-0.2","6.29","108","153","122","148","305","328","298"
"1078",642715,"Adames, Willy","1078","100.0","0.239","0.195","0.316","0.434","0.318","0.326","0.243","60","251","89.9","17.9","2256","88.8","86.41","181","533","545","-2.4","6.35","106","152","118","146","304","324","294"
"1074",457708,"Upton, Justin","1074","100.0","0.247","0.233","0.299","0.480","0.351","0.351","0.246","55","223","91.8","16.2","2241","88.8","88.42","149","473","601","-0.4","6.28","108","152","121","145","304","325","297"
"1072",520471,"Galvis, Freddy","1072","100.0","0.249","0.165","0.290","0.414","0.312","0.277","0.215","62","249","86.3","11.5","2218","89.1","88.54","114","537","535","-0.6","6.35","112","150","111","150","292","320","295"
"1070",519203,"Rizzo, Anthony","1070","100.0","0.250","0.196","0.259","0.446","0.342","0.365","0.276","60","240","91.5","14.5","2285","89.5","89.31","100","507","563","-0.2","6.36","115","162","125","149","293","324","302"
"1069",516770,"Castro, Starlin","1069","100.0","0.251","0.084","0.314","0.335","0.281","0.302","0.251","66","263","87.7","9.0","2295","89.2","89.34","121","507","562","0.1","6.38","106","152","118","147","306","320","291"
"1069",545341,"Grichuk, Randal","1069","100.0","0.267","0.205","0.300","0.472","0.329","0.322","0.257","77","288","90.6","15.0","2285","88.5","88.31","143","579","490","-0.2","6.27","107","152","120","147","299","324","291"
"1066",444482,"Peralta, David","1066","100.0","0.260","0.151","0.303","0.411","0.317","0.294","0.245","67","258","89.3","3.5","2249","89.6","88.34","108","491","575","-1.3","6.32","114","154","122","151","297","323","306"
"1066",596748,"Franco, Maikel","1066","100.0","0.206","0.155","0.217","0.361","0.267","0.279","0.231","57","277","87.6","9.5","2265","87.9","87.45","120","528","538","-0.5","6.35","106","153","122","148","300","324","294"
"1066",596115,"Story, Trevor","1066","100.0","0.254","0.192","0.301","0.446","0.332","0.343","0.257","61","240","89.8","15.8","2307","88.5","87.90","139","517","549","-0.6","6.29","106","152","120","146","311","334","303"
"1060",656976,"Smith, Pavin","1060","100.0","0.276","0.131","0.324","0.407","0.321","0.342","0.281","74","268","86.9","6.7","2234","88.9","87.64","77","465","595","-1.3","6.33","118","154","118","152","295","321","304"
"1052",570482,"Urshela, Gio","1052","100.0","0.272","0.168","0.337","0.440","0.326","0.332","0.261","68","250","89.2","6.3","2286","89.3","89.37","146","570","482","0.1","6.36","107","153","122","148","308","325","286"
"1051",608324,"Bregman, Alex","1051","100.0","0.275","0.153","0.308","0.428","0.340","0.325","0.257","63","229","88.8","14.8","2240","88.6","88.23","70","440","611","-0.4","6.34","105","152","120","146","297","329","292"
"1051",543333,"Hosmer, Eric","1051","100.0","0.253","0.105","0.280","0.358","0.295","0.333","0.282","65","257","90.9","2.8","2323","88.8","88.29","110","514","537","-0.5","6.27","117","156","122","152","298","326","307"
"1049",595777,"Profar, Jurickson","1049","100.0","0.209","0.057","0.251","0.265","0.269","0.291","0.228","44","211","84.6","14.4","2316","89.0","88.63","83","463","586","-0.4","6.30","113","151","113","150","293","323","299"
"1049",606213,"Mercedes, Yermín","1049","100.0","0.270","0.135","0.309","0.404","0.317","0.305","0.243","62","230","87.9","15.7","2311","88.3","88.37","126","565","484","0.1","6.27","107","153","121","146","298","324","290"
"1048",592696,"Rosario, Eddie","1048","100.0","0.254","0.123","0.282","0.377","0.296","0.302","0.244","66","260","87.7","13.3","2224","88.4","88.21","111","561","487","-0.2","6.23","115","159","115","150","293","321","298"
"1044",575929,"Contreras, Willson","1044","100.0","0.230","0.200","0.282","0.430","0.329","0.333","0.231","53","230","90.1","10.5","2306","89.0","89.22","159","469","575","0.2","6.41","107","152","117","148","301","323","292"
"1030",595879,"Báez, Javier","1030","100.0","0.227","0.235","0.296","0.462","0.307","0.297","0.217","57","251","89.6","12.3","2340","88.8","88.87","242","595","435","0.1","6.39","106","152","117","147","303","326","295"
"1029",462101,"Andrus, Elvis","1029","100.0","0.225","0.071","0.273","0.296","0.248","0.294","0.264","57","253","87.0","8.2","2262","88.2","87.69","106","496","533","-0.5","6.33","106","152","113","148","303","321","287"
"1026",663624,"Mountcastle, Ryan","1026","100.0","0.263","0.191","0.335","0.454","0.321","0.313","0.245","69","262","89.1","14.5","2290","88.4","88.12","203","588","438","-0.3","6.36","109","152","121","148","304","324","290"
"1013",453568,"Blackmon, Charlie","1013","100.0","0.261","0.109","0.291","0.370","0.330","0.369","0.293","62","238","87.6","7.7","2243","88.8","88.58","86","470","543","-0.2","6.23","115","161","123","150","300","332","309"
"1013",518735,"Grandal, Yasmani","1013","100.0","0.175","0.244","0.172","0.419","0.360","0.388","0.216","28","160","92.6","14.2","2251","88.8","88.58","85","294","719","-0.2","6.30","111","163","125","149","296","326","300"
"1012",663697,"India, Jonathan","1012","100.0","0.270","0.142","0.333","0.412","0.350","0.338","0.246","57","211","87.0","9.4","2257","88.2","87.89","119","419","593","-0.3","6.31","106","151","116","145","299","321","290"
"1012",666971,"Gurriel Jr., Lourdes","1012","100.0","0.258","0.148","0.294","0.406","0.292","0.288","0.244","66","256","87.8","10.4","2296","88.8","88.66","142","552","460","-0.1","6.23","106","152","119","147","303","324","291"
"1012",664034,"France, Ty","1012","100.0","0.261","0.149","0.303","0.411","0.337","0.339","0.250","63","241","88.0","12.5","2243","88.7","88.30","104","516","496","-0.4","6.26","110","152","121","147","298","321","290"
"1009",664058,"Fletcher, David","1009","100.0","0.289","0.051","0.326","0.341","0.291","0.275","0.273","79","273","81.0","6.1","2253","89.4","88.75","38","423","586","-0.6","6.33","107","150","107","147","296","313","278"
"1007",543063,"Crawford, Brandon","1007","100.0","0.253","0.271","0.272","0.525","0.365","0.385","0.265","56","221","90.3","14.8","2263","88.6","87.74","162","513","494","-0.9","6.24","115","154","120","151","296","324","304"
"1005",641658,"Hampson, Garrett","1005","100.0","0.246","0.184","0.305","0.430","0.313","0.295","0.229","56","228","83.4","12.1","2319","89.3","88.49","93","445","559","-0.8","6.29","103","150","103","146","308","328","293"
"998",594807,"Duvall, Adam","998","100.0","0.217","0.238","0.250","0.454","0.307","0.312","0.216","52","240","91.6","24.2","2268","88.5","88.15","144","494","504","-0.3","6.37","106","152","119","145","306","324","296"
"992",519317,"Stanton, Giancarlo","992","100.0","0.273","0.224","0.336","0.498","0.371","0.366","0.261","56","205","97.2","8.4","2263","89.0","89.04","166","449","543","0.0","6.37","106","153","124","148","309","332","295"
"989",642086,"Smith, Dominic","989","100.0","0.241","0.116","0.301","0.358","0.296","0.344","0.271","56","232","88.1","12.9","2224","88.5","88.23","145","494","495","-0.3","6.36","114","156","127","148","295","323","304"
"984",641313,"Anderson, Tim","984","100.0","0.296","0.123","0.375","0.419","0.327","0.318","0.269","75","253","90.3","2.0","2254","89.0","89.08","164","577","407","0.1","6.29","108","152","117","146","301","322","288"
"983",657656,"Laureano, Ramón","983","100.0","0.255","0.241","0.299","0.495","0.358","0.365","0.252","56","220","89.1","12.5","2281","88.4","87.66","126","460","523","-0.7","6.35","106","152","118","146","304","325","290"
"982",669257,"Smith, Will","982","100.0","0.260","0.205","0.283","0.465","0.357","0.379","0.274","52","200","89.3","17.6","2289","88.2","86.11","74","419","563","-2.1","6.29","107","152","121","146","305","323","296"
"978",443558,"Cruz, Nelson","978","100.0","0.300","0.257","0.317","0.557","0.391","0.397","0.279","69","230","93.1","10.3","2270","88.5","87.82","148","495","483","-0.7","6.26","107","153","124","146","308","329","296"
"978",665487,"Tatis Jr., Fernando","978","100.0","0.294","0.404","0.310","0.697","0.437","0.424","0.289","64","218","92.4","11.0","2334","89.4","89.18","170","495","483","-0.2","6.30","109","153","118","147","306","328","301"
"975",666158,"Lux, Gavin","975","100.0","0.229","0.132","0.280","0.361","0.295","0.324","0.254","52","227","89.8","11.4","2225","88.6","88.28","107","450","525","-0.3","6.28","115","151","121","151","294","322","303"
"974",664023,"Happ, Ian","974","100.0","0.185","0.154","0.231","0.338","0.288","0.312","0.216","36","195","88.8","5.7","2299","89.4","89.53","132","406","568","0.1","6.39","114","154","123","149","295","322","298"
"974",572191,"Taylor, Michael A.","974","100.0","0.229","0.095","0.336","0.325","0.271","0.278","0.221","53","231","88.4","11.5","2301","89.2","88.91","199","519","455","-0.3","6.27","104","151","110","146","308","328","295"
"973",570256,"Polanco, Gregory","973","100.0","0.201","0.158","0.250","0.359","0.271","0.314","0.225","42","209","88.0","14.4","2275","88.6","88.48","148","458","515","-0.1","6.23","114","161","129","150","299","322","298"
"971",543068,"Cron, C.J.","971","100.0","0.260","0.209","0.318","0.469","0.362","0.367","0.266","51","196","89.4","14.5","2302","88.7","88.55","139","451","520","-0.2","6.30","107","152","120","146","311","335","304"
"970",571771,"Hernández, Enrique","970","100.0","0.225","0.159","0.273","0.383","0.292","0.291","0.218","51","227","90.0","17.4","2231","88.6","88.08","111","446","524","-0.5","6.23","108","152","117","146","292","322","295"
"968",573262,"Yastrzemski, Mike","968","100.0","0.230","0.249","0.265","0.479","0.348","0.327","0.219","49","213","89.3","16.3","2284","89.1","88.42","98","417","551","-0.7","6.31","117","155","117","152","294","323","304"
"964",571976,"Myers, Wil","964","100.0","0.251","0.163","0.313","0.414","0.319","0.295","0.219","54","215","86.0","8.2","2363","88.7","88.05","131","443","521","-0.6","6.30","109","153","116","148","303","327","300"
"963",622534,"Margot, Manuel","963","100.0","0.248","0.154","0.268","0.402","0.300","0.315","0.269","61","246","87.2","10.0","2232","89.0","88.99","104","490","472","0.0","6.46","103","151","107","146","303","324","291"
"963",598265,"Bradley Jr., Jackie","963","100.0","0.151","0.115","0.206","0.266","0.228","0.263","0.196","33","218","89.9","11.3","2308","88.3","85.02","164","464","499","-3.3","6.20","116","152","115","151","293","321","302"
"962",543877,"Vázquez, Christian","962","100.0","0.264","0.091","0.319","0.355","0.293","0.282","0.242","61","231","87.4","13.9","2255","89.0","88.70","91","460","502","-0.3","6.31","107","151","120","148","296","321","293"
"958",621563,"Wendle, Joey","958","100.0","0.281","0.184","0.335","0.465","0.347","0.295","0.237","64","228","87.8","6.9","2259","88.6","88.71","106","448","509","0.1","6.43","113","149","107","149","289","322","302"
"957",593934,"Sanó, Miguel","957","100.0","0.193","0.244","0.238","0.437","0.306","0.297","0.197","38","197","90.8","19.0","2258","88.2","88.05","170","436","521","-0.1","6.24","107","152","123","145","305","328","297"
"956",592626,"Pederson, Joc","956","100.0","0.234","0.206","0.275","0.439","0.315","0.336","0.245","50","214","92.0","17.9","2305","88.8","88.51","126","481","475","-0.3","6.35","117","163","125","149","293","324","301"
"955",642708,"Rosario, Amed","955","100.0","0.265","0.118","0.319","0.382","0.308","0.319","0.278","63","238","88.5","6.0","2235","88.5","88.24","103","436","519","-0.3","6.25","105","151","113","146","299","317","285"
"955",541645,"García, Avisaíl","955","100.0","0.236","0.199","0.270","0.435","0.319","0.355","0.270","58","246","91.2","8.5","2297","88.8","85.28","175","527","428","-3.5","6.20","105","151","120","145","305","324","295"
"947",592669,"Renfroe, Hunter","947","100.0","0.272","0.181","0.316","0.453","0.336","0.352","0.271","63","232","91.0","14.8","2282","88.2","87.60","132","473","474","-0.6","6.29","107","151","120","145","294","326","300"
"931",488726,"Brantley, Michael","931","100.0","0.349","0.162","0.382","0.511","0.390","0.409","0.352","82","235","90.9","9.0","2167","88.7","88.37","48","440","491","-0.3","6.33","114","157","123","153","289","327","302"
"925",640449,"Frazier, Clint","925","100.0","0.184","0.134","0.252","0.318","0.288","0.313","0.209","33","179","87.3","13.9","2269","88.8","88.90","104","350","575","0.1","6.39","106","153","121","147","308","326","288"
"923",621028,"Newman, Kevin","923","100.0","0.212","0.060","0.220","0.272","0.234","0.277","0.256","53","250","84.9","6.1","2288","88.9","88.90","44","394","529","0.0","6.28","107","151","111","147","300","311","281"
"922",578428,"Iglesias, José","922","100.0","0.256","0.105","0.292","0.361","0.282","0.292","0.267","61","238","85.8","9.2","2245","88.6","88.16","102","505","417","-0.4","6.32","108","152","114","148","301","318","288"
"918",571657,"Farmer, Kyle","918","100.0","0.214","0.100","0.240","0.314","0.269","0.299","0.242","45","210","87.1","15.0","2286","88.3","88.33","81","435","483","0.0","6.33","106","151","119","145","299","322","291"
"914",666915,"Dalbec, Bobby","914","100.0","0.206","0.201","0.293","0.407","0.286","0.315","0.220","43","209","91.4","17.3","2250","88.4","87.96","179","446","468","-0.4","6.28","107","152","120","146","298","325","298"
"914",408234,"Cabrera, Miguel","914","100.0","0.225","0.096","0.290","0.321","0.272","0.295","0.221","47","209","90.2","9.7","2245","89.0","88.90","127","450","464","-0.1","6.29","109","158","123","148","304","328","295"
"913",571980,"Naquin, Tyler","913","100.0","0.255","0.218","0.291","0.472","0.340","0.347","0.260","55","216","90.5","10.7","2248","89.4","89.28","131","501","412","-0.1","6.34","113","153","123","148","292","325","301"
"911",518626,"Donaldson, Josh","911","100.0","0.247","0.207","0.260","0.455","0.343","0.385","0.279","49","198","93.3","13.3","2288","88.9","87.70","111","433","478","-1.2","6.24","107","153","123","146","303","324","295"
"910",624413,"Alonso, Pete","910","100.0","0.252","0.193","0.282","0.445","0.338","0.361","0.259","55","218","92.7","16.0","2235","89.2","89.04","108","441","469","-0.2","6.40","106","151","122","146","306","329","302"
"909",547180,"Harper, Bryce","909","100.0","0.272","0.221","0.339","0.492","0.377","0.411","0.285","53","195","89.3","14.0","2237","89.6","89.40","151","446","463","-0.2","6.29","117","160","126","149","298","330","302"
"908",650489,"Castro, Willi","908","100.0","0.222","0.136","0.272","0.357","0.282","0.286","0.233","49","221","84.9","10.3","2205","88.8","88.72","153","504","404","-0.1","6.27","111","150","111","149","292","323","297"
"907",596142,"Sánchez, Gary","907","100.0","0.238","0.254","0.271","0.492","0.357","0.365","0.251","45","189","91.4","20.3","2265","89.5","89.68","136","407","500","0.2","6.47","105","154","123","148","305","331","295"
"903",592348,"Goodrum, Niko","903","100.0","0.216","0.113","0.333","0.330","0.280","0.292","0.200","42","194","88.3","16.1","2210","88.5","88.01","181","443","460","-0.5","6.26","111","153","115","149","294","324","298"
"902",596129,"Vogelbach, Daniel","902","100.0","0.216","0.170","0.246","0.386","0.313","0.321","0.237","37","171","90.6","12.8","2302","89.1","84.12","59","308","594","-5.0","6.20","118","166","137","151","295","323","304"
"900",572816,"Dickerson, Corey","900","100.0","0.260","0.118","0.323","0.377","0.308","0.307","0.252","53","204","86.5","8.1","2240","90.1","89.96","117","477","423","-0.1","6.34","114","150","116","151","293","321","301"
"899",542932,"Berti, Jon","899","100.0","0.224","0.126","0.266","0.350","0.302","0.326","0.254","41","183","88.0","2.1","2287","89.3","89.18","80","375","524","-0.1","6.39","106","151","111","147","304","316","285"
"895",643217,"Benintendi, Andrew","895","100.0","0.283","0.146","0.321","0.429","0.335","0.334","0.262","62","219","88.2","13.5","2235","89.2","88.89","101","462","432","-0.3","6.22","111","153","111","150","294","324","306"
"894",669221,"Murphy, Sean","894","100.0","0.218","0.213","0.257","0.431","0.330","0.355","0.236","46","211","89.8","15.1","2298","87.8","87.00","123","416","478","-0.8","6.34","106","153","121","147","304","325","292"
"890",455117,"Maldonado, Martín","890","100.0","0.171","0.114","0.233","0.285","0.245","0.257","0.191","33","193","88.2","17.1","2248","88.4","88.34","115","392","497","-0.1","6.35","107","152","119","146","295","324","286"
"886",474832,"Belt, Brandon","886","100.0","0.253","0.259","0.337","0.512","0.376","0.341","0.215","43","170","87.8","20.0","2273","89.8","88.67","127","411","475","-1.1","6.31","117","166","123","149","298","326","305"
"886",670032,"Lopez, Nicky","886","100.0","0.257","0.064","0.300","0.321","0.303","0.288","0.231","48","187","83.9","-0.7","2260","89.9","89.58","53","375","511","-0.3","6.28","109","146","101","148","285","315","301"
"883",605113,"Ahmed, Nick","883","100.0","0.216","0.089","0.292","0.305","0.259","0.231","0.190","46","213","86.2","12.5","2290","89.5","87.20","127","423","460","-2.3","6.40","105","152","115","147","304","321","292"
"880",592663,"Realmuto, J.T.","880","100.0","0.277","0.181","0.341","0.457","0.362","0.376","0.281","52","188","89.7","10.0","2273","89.0","88.60","109","396","484","-0.4","6.30","107","152","119","147","305","327","294"
"876",665862,"Chisholm Jr., Jazz","876","100.0","0.256","0.187","0.344","0.443","0.330","0.303","0.228","52","203","89.1","7.8","2264","88.7","88.55","120","403","473","-0.2","6.34","114","149","109","150","292","319","301"
"872",606192,"Hernández, Teoscar","872","100.0","0.298","0.196","0.368","0.493","0.357","0.377","0.299","67","225","92.2","10.9","2281","88.6","88.58","144","465","407","0.0","6.23","107","152","120","147","302","325","291"
"869",458731,"Gardner, Brett","869","100.0","0.198","0.105","0.259","0.302","0.275","0.268","0.194","32","162","84.9","14.4","2259","89.4","89.23","77","340","529","-0.2","6.34","110","149","108","150","290","322","298"
"867",641531,"Dozier, Hunter","867","100.0","0.158","0.172","0.192","0.330","0.246","0.287","0.206","32","203","90.4","17.8","2291","88.8","88.68","132","411","455","-0.1","6.23","107","152","121","146","307","330","297"
"863",647304,"Naylor, Josh","863","100.0","0.255","0.147","0.291","0.403","0.307","0.317","0.256","59","231","89.7","8.9","2265","88.1","88.05","97","456","407","0.0","6.27","115","160","117","151","292","321","301"
"863",546318,"Herrera, Odúbel","863","100.0","0.247","0.149","0.279","0.397","0.308","0.285","0.234","48","194","87.2","7.6","2240","88.9","88.63","91","424","439","-0.3","6.31","114","152","113","147","287","318","297"
"862",663757,"Grisham, Trent","862","100.0","0.265","0.210","0.328","0.475","0.358","0.317","0.236","48","181","89.0","11.5","2317","90.1","89.63","83","320","542","-0.5","6.27","114","151","110","152","294","323","301"
"854",605137,"Bell, Josh","854","100.0","0.229","0.204","0.265","0.433","0.312","0.335","0.256","46","201","92.8","6.6","2196","89.0","88.96","120","425","429","0.0","6.38","112","159","128","150","303","327","304"
"848",543768,"Shaw, Travis","848","100.0","0.191","0.146","0.230","0.337","0.275","0.313","0.230","34","178","87.0","18.5","2306","89.3","85.19","95","402","446","-4.1","6.24","116","163","122","152","296","325","303"
"848",650333,"Arraez, Luis","848","100.0","0.295","0.091","0.327","0.386","0.330","0.359","0.305","52","176","90.4","8.9","2247","89.8","89.00","40","367","481","-0.8","6.26","115","149","108","150","285","317","299"
"842",645302,"Robles, Victor","842","100.0","0.224","0.082","0.304","0.306","0.294","0.307","0.227","41","183","83.2","16.2","2311","88.8","88.47","93","374","468","-0.3","6.35","100","150","104","145","300","317","291"
"842",503556,"Gonzalez, Marwin","842","100.0","0.195","0.097","0.257","0.292","0.255","0.288","0.227","38","195","87.5","7.3","2220","88.1","87.56","89","389","453","-0.5","6.26","112","152","116","148","287","321","301"
"842",571466,"Barnhart, Tucker","842","100.0","0.267","0.153","0.381","0.420","0.339","0.288","0.213","47","176","87.7","12.3","2265","88.2","88.19","110","391","451","0.0","6.36","115","156","121","148","291","321","299"
"838",683734,"Vaughn, Andrew","838","100.0","0.226","0.169","0.284","0.395","0.303","0.319","0.231","44","195","91.4","8.5","2289","88.3","88.16","114","393","445","-0.1","6.28","104","151","118","145","301","324","290"
"835",592743,"Simmons, Andrelton","835","100.0","0.245","0.071","0.295","0.316","0.285","0.277","0.241","48","196","82.5","1.8","2270","88.2","87.86","71","360","475","-0.3","6.22","106","152","112","146","300","319","285"
"834",500743,"Rojas, Miguel","834","100.0","0.261","0.153","0.293","0.414","0.328","0.302","0.243","53","203","87.2","13.2","2280","88.9","88.72","75","370","464","-0.2","6.38","108","152","115","149","305","318","285"
"823",543685,"Rendon, Anthony","823","100.0","0.232","0.129","0.258","0.361","0.292","0.299","0.237","45","194","90.0","21.9","2223","89.5","89.06","67","401","422","-0.4","6.38","108","152","122","146","305","325","297"
"823",543510,"McCann, James","823","100.0","0.245","0.133","0.331","0.378","0.300","0.294","0.226","48","196","88.6","9.2","2266","89.9","89.88","120","392","431","0.0","6.37","107","152","120","147","303","323","293"
"815",543281,"Harrison, Josh","815","100.0","0.271","0.106","0.311","0.376","0.324","0.341","0.270","59","218","87.0","15.9","2293","88.9","88.44","89","433","381","-0.5","6.39","106","152","113","146","303","319","287"
"814",594809,"Eaton, Adam","814","100.0","0.195","0.149","0.246","0.345","0.288","0.293","0.217","34","174","84.7","5.3","2240","89.3","89.42","91","376","438","0.1","6.33","110","147","100","147","285","319","300"
"813",641432,"Calhoun, Willie","813","100.0","0.254","0.132","0.272","0.385","0.313","0.338","0.283","52","205","90.0","17.0","2226","87.7","87.06","63","367","446","-0.6","6.14","116","163","120","152","299","328","301"
"813",641933,"O'Neill, Tyler","813","100.0","0.268","0.293","0.336","0.561","0.373","0.399","0.282","53","198","93.4","20.3","2353","89.1","88.83","156","423","390","-0.3","6.34","107","152","120","146","309","325","296"
"812",607732,"Stallings, Jacob","812","100.0","0.226","0.161","0.262","0.387","0.308","0.317","0.236","42","186","87.8","10.0","2270","88.6","88.58","89","352","460","0.0","6.30","108","152","118","148","304","317","290"
"811",602074,"Daza, Yonathan","811","100.0","0.328","0.085","0.400","0.413","0.346","0.304","0.270","66","201","83.7","5.0","2272","88.8","88.59","86","402","409","-0.2","6.23","107","151","113","147","308","329","294"
"809",663611,"Madrigal, Nick","809","100.0","0.305","0.120","0.324","0.425","0.337","0.281","0.255","61","200","85.1","1.0","2291","89.5","89.41","31","368","441","-0.1","6.26","104","149","107","145","294","311","276"
"808",658069,"Fuentes, Joshua","808","100.0","0.237","0.158","0.286","0.395","0.285","0.239","0.211","51","215","85.6","17.9","2303","88.8","88.58","137","487","321","-0.2","6.23","108","151","119","146","308","330","296"
"802",542340,"Villar, Jonathan","802","100.0","0.246","0.164","0.307","0.410","0.324","0.320","0.236","45","183","87.3","9.3","2205","88.9","88.57","106","386","416","-0.3","6.30","111","150","110","149","295","320","300"
"798",516416,"Segura, Jean","798","100.0","0.332","0.134","0.378","0.465","0.365","0.321","0.270","62","187","87.6","2.3","2263","88.7","88.76","71","387","411","0.1","6.35","106","152","112","149","302","316","281"
"795",643565,"Tauchman, Mike","795","100.0","0.172","0.113","0.232","0.285","0.258","0.269","0.183","26","151","86.4","9.9","2325","89.9","89.67","122","359","436","-0.2","6.28","118","154","115","151","290","320","305"
"790",457763,"Posey, Buster","790","100.0","0.322","0.233","0.351","0.556","0.410","0.385","0.291","58","180","89.6","9.2","2289","89.2","88.56","78","341","449","-0.6","6.34","106","153","122","148","306","324","293"
"790",668731,"Baddoo, Akil","790","100.0","0.277","0.220","0.390","0.497","0.370","0.330","0.223","44","159","86.2","12.4","2224","88.7","88.28","125","356","434","-0.4","6.27","115","150","110","150","292","325","300"
"788",623993,"Santander, Anthony","788","100.0","0.239","0.142","0.299","0.381","0.283","0.314","0.274","42","176","89.1","13.2","2184","88.7","88.18","122","426","362","-0.5","6.33","112","154","119","150","297","323","296"
"786",624415,"Biggio, Cavan","786","100.0","0.221","0.151","0.288","0.372","0.312","0.304","0.211","38","172","89.0","12.9","2264","89.2","88.89","89","324","462","-0.3","6.23","115","161","115","150","288","323","298"
"785",641856,"McKinney, Billy","785","100.0","0.215","0.209","0.252","0.423","0.304","0.318","0.244","35","163","88.7","16.6","2270","89.3","88.60","73","338","447","-0.7","6.28","115","156","130","149","292","322","303"
"777",621466,"Stewart, DJ","777","100.0","0.210","0.156","0.262","0.365","0.305","0.308","0.215","35","167","86.7","17.6","2240","89.5","89.32","122","380","397","-0.2","6.33","116","162","121","153","295","324","301"
"774",664238,"Moore, Dylan","774","100.0","0.189","0.182","0.250","0.371","0.292","0.297","0.209","30","159","85.3","17.0","2297","88.6","88.14","90","316","458","-0.5","6.21","108","152","116","148","298","319","287"
"773",608348,"Kelly, Carson","773","100.0","0.260","0.200","0.287","0.460","0.367","0.391","0.272","39","150","88.6","18.9","2247","89.3","86.39","83","322","451","-2.9","6.42","106","152","120","147","306","322","293"
"773",570481,"González, Erik","773","100.0","0.232","0.071","0.272","0.303","0.247","0.281","0.260","49","211","87.1","0.8","2297","87.6","87.41","112","441","332","-0.2","6.25","109","152","115","147","303","317","286"
"770",543939,"Wong, Kolten","770","100.0","0.294","0.196","0.321","0.490","0.360","0.326","0.271","57","194","86.7","10.7","2240","89.3","84.92","63","375","395","-4.4","6.26","115","150","105","151","291","319","300"
"766",527038,"Flores, Wilmer","766","100.0","0.259","0.172","0.260","0.431","0.330","0.307","0.241","45","174","88.1","16.5","2286","88.7","88.06","52","350","416","-0.6","6.32","106","152","120","146","301","322","294"
"764",600474,"Severino, Pedro","764","100.0","0.227","0.085","0.289","0.313","0.276","0.299","0.246","40","176","87.2","15.8","2260","88.5","87.81","101","377","387","-0.7","6.37","108","153","122","147","301","321","288"
"760",663886,"Stephenson, Tyler","760","100.0","0.274","0.166","0.319","0.439","0.364","0.356","0.267","43","157","88.9","7.9","2248","88.3","88.07","51","292","468","-0.2","6.28","107","151","119","146","301","323","290"
"758",542303,"Ozuna, Marcell","758","100.0","0.213","0.144","0.244","0.356","0.286","0.350","0.268","40","188","89.7","14.5","2264","88.9","88.93","100","368","390","0.0","6.43","106","152","120","147","308","328","297"
"758",605170,"Caratini, Victor","758","100.0","0.217","0.149","0.269","0.366","0.296","0.308","0.217","35","161","91.8","9.9","2278","88.1","87.64","91","325","433","-0.5","6.22","115","157","120","152","293","321","300"
"755",592885,"Yelich, Christian","755","100.0","0.257","0.150","0.356","0.407","0.360","0.369","0.252","36","140","91.3","1.9","2291","88.9","85.84","87","291","464","-3.1","6.22","116","159","130","151","298","327","309"
"753",643265,"Cooper, Garrett","753","100.0","0.260","0.172","0.345","0.432","0.339","0.340","0.259","44","169","91.0","9.6","2298","89.2","88.91","102","363","390","-0.3","6.41","109","152","119","149","307","323","291"
"753",425877,"Molina, Yadier","753","100.0","0.254","0.168","0.283","0.421","0.314","0.338","0.271","50","197","89.5","16.8","2297","89.3","89.25","121","431","322","0.0","6.35","110","154","122","149","305","322","291"
"753",544725,"García, Leury","753","100.0","0.244","0.076","0.322","0.320","0.276","0.259","0.215","48","197","82.9","1.0","2226","88.9","88.96","109","411","342","0.1","6.30","106","148","103","146","286","318","294"
"745",452678,"Cabrera, Asdrúbal","745","100.0","0.225","0.156","0.263","0.381","0.315","0.304","0.210","36","160","87.5","15.3","2256","89.5","88.35","80","332","413","-1.2","6.31","114","160","130","149","299","321","300"
"744",446334,"Longoria, Evan","744","100.0","0.280","0.236","0.327","0.516","0.381","0.414","0.300","45","161","95.9","15.7","2373","89.2","88.98","85","311","433","-0.2","6.25","108","153","122","146","305","326","297"
"740",657557,"DeJong, Paul","740","100.0","0.165","0.176","0.167","0.341","0.268","0.326","0.223","28","170","85.2","14.2","2272","89.3","88.79","93","366","374","-0.5","6.38","106","152","119","146","306","323","295"
"738",458015,"Votto, Joey","738","100.0","0.242","0.182","0.281","0.424","0.330","0.366","0.268","40","165","92.3","12.9","2211","88.6","88.35","105","334","404","-0.3","6.30","115","162","136","148","293","325","304"
"737",572287,"Zunino, Mike","737","100.0","0.197","0.338","0.208","0.535","0.348","0.361","0.215","31","157","91.3","26.3","2292","89.2","89.21","146","340","397","0.0","6.45","105","152","124","145","301","328","295"
"736",621433,"Phillips, Brett","736","100.0","0.203","0.119","0.347","0.322","0.289","0.280","0.183","29","143","84.7","12.0","2244","89.3","89.47","107","298","438","0.2","6.47","113","149","108","151","289","322","301"
"728",553882,"Narváez, Omar","728","100.0","0.302","0.160","0.344","0.462","0.371","0.349","0.267","51","169","86.4","15.6","2312","89.3","83.76","83","375","352","-5.5","6.20","115","163","125","151","290","322","305"
"727",518792,"Heyward, Jason","727","100.0","0.201","0.144","0.236","0.345","0.282","0.299","0.222","35","174","88.0","6.9","2326","89.0","89.16","86","334","393","0.2","6.38","116","158","124","151","292","324","300"
"725",673490,"Kim, Ha-Seong","725","100.0","0.212","0.152","0.254","0.364","0.277","0.267","0.214","35","165","86.6","13.6","2297","89.4","89.16","70","321","404","-0.2","6.23","107","152","117","147","298","322","292"
"716",596103,"Slater, Austin","716","100.0","0.205","0.160","0.272","0.365","0.289","0.307","0.232","32","156","86.5","3.9","2255","89.1","87.98","98","310","406","-1.1","6.28","108","152","115","147","304","322","290"
"707",405395,"Pujols, Albert","707","100.0","0.224","0.206","0.203","0.429","0.300","0.338","0.262","38","170","90.9","14.2","2275","87.9","87.56","69","328","379","-0.3","6.23","108","155","123","150","301","324","292"
"706",643393,"Kemp, Tony","706","100.0","0.280","0.168","0.308","0.448","0.372","0.320","0.235","40","143","83.2","17.9","2248","89.0","88.79","43","296","409","-0.2","6.32","109","147","103","149","283","315","299"
"703",669720,"Hays, Austin","703","100.0","0.231","0.168","0.268","0.399","0.304","0.329","0.234","40","173","88.6","10.3","2289","87.7","86.80","79","306","397","-0.9","6.38","104","151","114","146","300","320","291"
"703",596146,"Kepler, Max","703","100.0","0.200","0.194","0.222","0.394","0.298","0.339","0.254","32","160","90.9","18.0","2250","88.8","88.55","78","315","388","-0.3","6.25","118","164","124","151","298","326","301"
"694",456781,"Solano, Donovan","694","100.0","0.272","0.114","0.323","0.386","0.310","0.307","0.256","43","158","87.8","11.5","2294","89.0","88.35","69","356","338","-0.7","6.35","106","152","117","148","304","320","285"
"692",516782,"Marte, Starling","692","100.0","0.303","0.186","0.352","0.490","0.392","0.372","0.271","44","145","84.9","3.8","2264","88.3","88.14","78","325","367","-0.2","6.38","105","152","112","147","306","320","289"
"688",624513,"Nuñez, Dom","688","100.0","0.155","0.176","0.227","0.331","0.245","0.239","0.157","22","142","86.7","20.1","2279","87.9","87.55","106","284","404","-0.3","6.26","115","161","126","149","300","332","305"
"685",595943,"Evans, Phillip","685","100.0","0.216","0.117","0.265","0.333","0.286","0.322","0.257","35","162","90.9","6.2","2301","88.6","88.63","83","314","371","0.0","6.31","108","152","118","147","302","318","290"
"680",608577,"Mazara, Nomar","680","100.0","0.211","0.120","0.267","0.331","0.271","0.289","0.220","30","142","91.6","10.1","2232","88.2","88.10","87","315","363","-0.1","6.23","114","159","125","151","293","326","302"
"677",543228,"Gomes, Yan","677","100.0","0.254","0.158","0.288","0.412","0.305","0.348","0.297","45","177","88.4","9.6","2297","89.2","89.13","61","331","346","-0.1","6.34","104","151","118","147","304","320","293"
"674",614177,"Reyes, Franmil","674","100.0","0.257","0.319","0.302","0.576","0.372","0.370","0.256","37","144","93.7","8.3","2277","88.3","88.07","109","322","352","-0.2","6.25","108","154","124","147","303","328","298"
"673",621493,"Ward, Taylor","673","100.0","0.228","0.190","0.271","0.418","0.319","0.340","0.248","36","158","87.8","15.6","2216","88.0","87.92","85","316","357","-0.1","6.37","109","152","118","148","303","323","295"
"672",608596,"Murphy, Tom","672","100.0","0.183","0.176","0.247","0.359","0.270","0.286","0.187","26","142","90.3","21.0","2252","88.3","88.05","117","304","368","-0.3","6.21","108","152","121","146","298","322","290"
"671",519048,"Moreland, Mitch","671","100.0","0.233","0.133","0.283","0.367","0.284","0.277","0.221","35","150","90.0","9.5","2282","88.8","88.37","106","321","350","-0.4","6.38","114","165","128","152","296","324","305"
"666",664913,"Brown, Seth","666","100.0","0.189","0.216","0.198","0.405","0.286","0.317","0.224","28","148","87.0","18.5","2270","88.0","87.71","92","289","377","-0.3","6.40","113","159","123","153","295","325","302"
"662",666211,"Trammell, Taylor","662","100.0","0.158","0.173","0.235","0.331","0.256","0.233","0.150","22","139","84.3","11.0","2211","88.1","87.67","138","316","346","-0.4","6.24","114","153","112","153","288","320","299"
"655",595281,"Kiermaier, Kevin","655","100.0","0.239","0.080","0.345","0.319","0.272","0.260","0.220","39","163","86.9","2.3","2220","89.1","89.04","108","343","312","-0.1","6.37","111","150","107","149","292","324","302"
"651",592567,"Moran, Colin","651","100.0","0.281","0.137","0.371","0.418","0.331","0.317","0.260","43","153","88.1","7.9","2225","89.0","88.66","79","299","352","-0.3","6.21","114","164","121","151","296","321","300"
"650",670712,"Brosseau, Mike","650","100.0","0.182","0.144","0.250","0.326","0.262","0.265","0.193","24","132","89.7","20.9","2218","88.3","88.24","92","309","340","-0.1","6.47","106","153","120","148","304","326","291"
"646",623520,"Bote, David","646","100.0","0.201","0.139","0.231","0.340","0.276","0.355","0.263","29","144","89.6","6.7","2370","88.1","87.97","82","298","348","-0.1","6.42","107","151","118","147","300","319","285"
"645",572761,"Carpenter, Matt","645","100.0","0.178","0.127","0.234","0.305","0.284","0.375","0.251","21","118","90.0","19.1","2289","89.4","89.41","73","250","395","0.0","6.42","116","162","121","147","299","323","302"
"635",543543,"Miller, Brad","635","100.0","0.243","0.169","0.351","0.412","0.322","0.309","0.242","33","136","91.5","12.4","2224","89.0","88.50","95","272","363","-0.5","6.35","116","156","121","148","292","321","298"
"620",641343,"Bauers, Jake","620","100.0","0.234","0.091","0.297","0.325","0.278","0.309","0.252","36","154","88.1","13.9","2236","89.4","89.59","84","299","321","0.2","6.31","113","161","116","151","289","317","297"
"619",572041,"Pollock, AJ","619","100.0","0.261","0.174","0.305","0.435","0.320","0.317","0.260","42","161","90.5","12.4","2216","88.4","86.39","74","330","289","-2.0","6.33","109","152","119","146","306","325","297"
"618",607680,"Pillar, Kevin","618","100.0","0.229","0.185","0.259","0.414","0.293","0.294","0.234","36","157","87.2","23.0","2267","88.4","88.37","74","325","293","0.0","6.39","105","151","116","146","303","320","296"
"617",596059,"Odor, Rougned","617","100.0","0.209","0.209","0.232","0.419","0.305","0.310","0.224","31","148","88.7","18.2","2259","89.1","89.03","90","312","305","-0.1","6.37","112","161","114","151","296","326","295"
"614",663616,"Larnach, Trevor","614","100.0","0.248","0.171","0.338","0.419","0.342","0.357","0.246","32","129","89.8","13.8","2195","88.5","88.40","97","277","337","-0.1","6.26","116","162","124","151","295","324","301"
"611",624431,"Trevino, Jose","611","100.0","0.230","0.079","0.269","0.309","0.240","0.292","0.257","38","165","87.1","8.3","2250","88.0","87.77","71","298","313","-0.2","6.20","106","152","119","148","306","324","289"
"610",545361,"Trout, Mike","610","100.0","0.333","0.291","0.456","0.624","0.454","0.422","0.297","39","117","91.9","12.8","2330","90.3","90.05","66","240","370","-0.3","6.32","108","153","121","145","306","326","298"
"605",543105,"Dickerson, Alex","605","100.0","0.239","0.169","0.275","0.408","0.314","0.354","0.285","34","142","87.2","15.6","2324","89.2","88.64","75","299","306","-0.6","6.22","117","157","124","153","294","324","305"
"604",641786,"Lewis, Kyle","604","100.0","0.246","0.146","0.307","0.392","0.322","0.356","0.254","32","130","89.7","16.9","2283","88.8","88.61","97","284","320","-0.2","6.25","110","153","121","147","302","324","291"
"603",624424,"Conforto, Michael","603","100.0","0.228","0.106","0.286","0.333","0.318","0.380","0.273","28","123","88.2","11.3","2216","88.9","88.81","63","261","342","-0.1","6.37","111","153","121","149","296","325","304"
"596",642133,"Tellez, Rowdy","596","100.0","0.209","0.129","0.245","0.338","0.267","0.327","0.251","29","139","92.6","12.1","2238","88.6","88.51","70","280","316","-0.1","6.28","117","169","129","153","295","325","300"
"596",628338,"Heredia, Guillermo","596","100.0","0.275","0.203","0.362","0.478","0.361","0.315","0.246","38","138","87.7","12.9","2289","88.6","88.88","81","301","295","0.3","6.42","105","151","110","146","307","322","284"
"595",518586,"Culberson, Charlie","595","100.0","0.224","0.140","0.293","0.364","0.282","0.255","0.211","32","143","82.9","8.2","2255","87.8","87.22","105","304","291","-0.6","6.21","106","152","114","147","305","326","291"
"593",643289,"Dubón, Mauricio","593","100.0","0.239","0.142","0.281","0.381","0.280","0.274","0.225","37","155","84.3","15.1","2334","88.0","87.23","74","311","282","-0.8","6.33","105","151","109","146","300","319","288"
"589",572233,"Walker, Christian","589","100.0","0.213","0.133","0.246","0.347","0.268","0.298","0.255","32","150","87.9","13.7","2251","89.6","85.98","78","330","259","-3.6","6.42","107","153","121","147","309","327","299"
"588",519299,"Sogard, Eric","588","100.0","0.241","0.064","0.287","0.305","0.258","0.227","0.193","34","141","83.4","10.9","2298","90.3","90.15","29","248","340","-0.2","6.37","111","149","110","149","281","315","295"
"588",621453,"Duggar, Steven","588","100.0","0.325","0.246","0.461","0.571","0.411","0.346","0.249","41","126","87.2","12.7","2266","88.0","88.23","65","240","348","0.2","6.37","115","152","111","150","292","322","306"
"588",621311,"Dahl, David","588","100.0","0.208","0.132","0.257","0.340","0.252","0.299","0.242","30","144","87.8","13.3","2253","88.0","87.04","82","304","284","-1.0","6.21","113","158","118","151","297","327","303"
"584",608369,"Seager, Corey","584","100.0","0.265","0.156","0.307","0.422","0.343","0.381","0.292","39","147","91.5","8.6","2300","88.3","86.24","98","319","264","-2.1","6.21","116","158","137","151","299","324","309"
"575",666135,"Kirilloff, Alex","575","100.0","0.260","0.182","0.301","0.442","0.316","0.397","0.316","40","154","91.4","4.4","2252","87.9","87.55","87","315","260","-0.3","6.20","114","160","123","151","295","323","302"
"573",519390,"Vogt, Stephen","573","100.0","0.205","0.179","0.250","0.384","0.301","0.288","0.200","23","112","87.8","18.3","2292","89.2","89.24","67","240","333","0.0","6.32","117","161","131","150","295","323","304"
"567",641598,"Garver, Mitch","567","100.0","0.224","0.276","0.286","0.500","0.358","0.359","0.229","26","116","90.4","19.5","2253","88.8","87.52","69","226","341","-1.3","6.32","107","152","122","145","304","325","293"
"560",606466,"Marte, Ketel","560","100.0","0.370","0.185","0.414","0.556","0.416","0.395","0.341","50","135","91.0","4.6","2237","89.6","88.88","42","239","321","-0.7","6.28","116","153","117","150","300","325","306"
"559",661388,"Contreras, William","559","100.0","0.223","0.200","0.275","0.423","0.312","0.323","0.235","29","130","91.6","7.2","2276","88.7","88.92","104","296","263","0.2","6.39","106","151","117","147","307","322","291"
"559",475582,"Zimmerman, Ryan","559","100.0","0.261","0.231","0.303","0.493","0.335","0.301","0.237","35","134","90.4","7.2","2296","88.9","88.80","83","269","290","-0.1","6.33","105","151","119","148","307","324","297"
"557",656669,"Luplow, Jordan","557","100.0","0.173","0.265","0.167","0.439","0.338","0.345","0.187","17","98","87.3","21.4","2233","88.5","88.01","68","230","327","-0.5","6.20","106","152","118","144","298","323","291"
"553",571788,"Holt, Brock","553","100.0","0.231","0.094","0.283","0.325","0.294","0.312","0.247","27","117","89.4","12.4","2263","89.2","88.88","39","214","339","-0.3","6.19","115","156","114","151","289","322","303"
"545",676801,"McCormick, Chas","545","100.0","0.233","0.258","0.253","0.492","0.328","0.305","0.210","28","120","89.6","17.0","2224","88.7","88.53","94","253","292","-0.2","6.34","106","152","117","146","298","328","290"
"537",642162,"Valaika, Pat","537","100.0","0.200","0.067","0.271","0.267","0.241","0.288","0.218","24","120","87.7","19.8","2298","88.3","87.82","80","283","254","-0.5","6.36","108","153","118","149","302","320","286"
"534",624414,"Arroyo, Christian","534","100.0","0.264","0.168","0.349","0.432","0.330","0.294","0.229","33","125","85.8","9.7","2256","88.1","87.55","83","296","238","-0.6","6.21","109","152","119","148","294","322","294"
"532",606992,"Haase, Eric","532","100.0","0.231","0.256","0.290","0.488","0.329","0.316","0.231","28","121","91.4","18.8","2279","87.8","87.74","83","239","293","-0.1","6.22","108","154","121","148","301","324","293"
"523",607461,"Beaty, Matt","523","100.0","0.254","0.115","0.304","0.369","0.321","0.304","0.237","31","122","87.3","8.7","2247","88.6","88.65","49","235","288","0.1","6.29","116","153","125","150","294","321","302"
"523",609280,"Andújar, Miguel","523","100.0","0.254","0.123","0.280","0.377","0.285","0.316","0.273","33","130","88.3","6.4","2233","88.4","88.38","57","287","236","0.0","6.39","105","152","120","147","304","327","290"
"522",643376,"Jansen, Danny","522","100.0","0.157","0.120","0.189","0.278","0.240","0.276","0.201","17","108","87.4","19.2","2279","89.1","88.93","62","243","279","-0.2","6.33","105","150","117","144","297","322","287"
"522",573131,"Ruf, Darin","522","100.0","0.244","0.256","0.308","0.500","0.373","0.382","0.266","22","90","94.0","9.8","2303","89.1","87.81","53","201","321","-1.3","6.32","107","151","122","144","304","326","296"
"521",605612,"Castro, Harold","521","100.0","0.252","0.037","0.324","0.289","0.268","0.321","0.280","34","135","87.4","6.2","2246","88.8","88.60","81","277","244","-0.2","6.31","114","149","106","150","287","321","300"
"520",572039,"Piscotty, Stephen","520","100.0","0.217","0.140","0.261","0.357","0.283","0.317","0.246","28","129","86.4","17.4","2305","87.7","87.34","72","274","246","-0.4","6.23","106","153","120","147","305","324","292"
"518",669374,"Hiura, Keston","518","100.0","0.137","0.111","0.219","0.248","0.215","0.265","0.168","16","117","90.1","16.8","2256","88.2","86.84","131","276","242","-1.4","6.19","109","152","118","146","303","323","297"
"518",501571,"Lagares, Juan","518","100.0","0.221","0.107","0.273","0.329","0.248","0.279","0.254","31","140","89.4","10.2","2199","89.2","89.27","58","276","242","0.1","6.39","107","151","116","147","308","321","292"
"512",664789,"Tom, Ka'ai","512","100.0","0.131","0.091","0.162","0.222","0.240","0.288","0.182","13","99","83.2","10.0","2339","89.4","89.36","71","231","281","0.0","6.28","113","150","112","148","286","314","295"
"511",543305,"Hicks, Aaron","511","100.0","0.194","0.139","0.224","0.333","0.281","0.334","0.242","21","108","89.3","19.2","2242","88.2","88.13","61","208","303","-0.1","6.34","111","156","120","151","303","326","293"
"508",605119,"Anderson, Brian","508","100.0","0.250","0.121","0.329","0.371","0.301","0.292","0.218","31","124","88.9","11.1","2259","89.4","89.32","75","262","246","-0.1","6.37","109","154","119","149","307","323","292"
"505",642721,"Gutierrez, Kelvin","505","100.0","0.214","0.084","0.270","0.298","0.244","0.264","0.228","28","131","90.8","1.3","2270","88.7","88.68","68","240","265","0.0","6.28","107","151","119","147","308","327","295"
"505",501303,"Adrianza, Ehire","505","100.0","0.250","0.148","0.282","0.398","0.320","0.323","0.263","27","108","83.5","11.6","2188","89.0","89.29","46","233","271","0.3","6.46","109","148","110","148","295","321","292"
"502",623912,"Ramirez, Harold","502","100.0","0.279","0.200","0.277","0.479","0.338","0.372","0.310","39","140","92.3","4.3","2293","88.4","88.50","57","285","217","0.1","6.27","107","152","119","147","302","320","289"
"501",592325,"Gamel, Ben","501","100.0","0.207","0.117","0.278","0.324","0.267","0.301","0.237","23","111","87.8","15.9","2275","88.6","88.61","55","220","281","0.0","6.22","114","151","114","150","288","316","299"
"500",656716,"McKinstry, Zach","500","100.0","0.250","0.176","0.311","0.426","0.310","0.286","0.231","27","108","87.5","12.2","2250","88.6","87.89","58","226","274","-0.7","6.28","117","152","123","149","292","320","305"
"500",670351,"Rojas, Jose","500","100.0","0.190","0.174","0.241","0.364","0.265","0.270","0.202","23","121","88.6","18.1","2284","88.3","87.09","64","240","260","-1.2","6.21","117","158","119","153","291","322","301"
"498",660294,"Tsutsugo, Yoshi","498","100.0","0.155","0.039","0.250","0.194","0.216","0.236","0.165","16","103","89.3","12.7","2270","89.8","89.80","64","224","274","0.0","6.39","118","161","126","151","289","322","305"
"498",642211,"Williams, Justin","498","100.0","0.160","0.101","0.217","0.261","0.230","0.316","0.242","19","119","92.1","3.9","2284","88.5","88.40","82","222","276","-0.1","6.37","117","153","122","150","298","322","304"
"493",544369,"Gregorius, Didi","493","100.0","0.229","0.136","0.253","0.364","0.269","0.234","0.209","27","118","84.5","20.7","2263","90.1","90.26","74","285","208","0.2","6.38","116","155","119","151","293","326","299"
"493",605131,"Barnes, Austin","493","100.0","0.226","0.132","0.288","0.358","0.311","0.290","0.215","24","106","83.5","15.6","2307","88.7","87.47","56","211","282","-1.2","6.21","106","150","118","145","301","319","291"
"493",595978,"Hedges, Austin","493","100.0","0.161","0.089","0.221","0.250","0.207","0.209","0.172","18","112","80.2","18.8","2263","88.8","88.44","90","270","223","-0.4","6.25","106","153","120","147","296","319","289"
"491",456715,"Cain, Lorenzo","491","100.0","0.223","0.126","0.263","0.350","0.302","0.329","0.244","23","103","88.5","8.2","2273","88.8","88.46","55","209","282","-0.3","6.32","110","152","118","147","303","320","290"
"485",506702,"León, Sandy","485","100.0","0.173","0.045","0.231","0.218","0.198","0.225","0.182","19","110","86.2","21.1","2220","88.9","88.73","58","221","263","-0.2","6.28","113","156","119","150","294","319","293"
"482",664901,"Mendick, Danny","482","100.0","0.204","0.097","0.270","0.301","0.283","0.283","0.212","19","93","81.7","18.4","2274","89.0","88.91","52","198","284","-0.1","6.18","104","151","112","145","297","318","285"
"482",656371,"Díaz, Isan","482","100.0","0.146","0.078","0.194","0.223","0.232","0.288","0.202","15","103","86.8","9.3","2263","88.6","88.43","71","201","281","-0.2","6.27","114","152","116","150","291","317","300"
"480",620443,"Torrens, Luis","480","100.0","0.219","0.237","0.231","0.456","0.302","0.327","0.247","25","114","89.8","7.3","2320","88.7","88.24","56","220","260","-0.5","6.22","109","151","119","147","300","318","287"
"479",624641,"Sosa, Edmundo","479","100.0","0.244","0.067","0.308","0.311","0.293","0.296","0.229","29","119","85.5","-1.5","2315","89.1","89.06","69","264","215","0.0","6.37","107","151","114","146","306","320","290"
"477",642201,"White, Eli","477","100.0","0.202","0.128","0.268","0.330","0.270","0.278","0.203","22","109","84.4","11.9","2242","88.8","88.64","76","233","244","-0.2","6.27","107","151","115","146","307","321","290"
"475",435559,"Suzuki, Kurt","475","100.0","0.229","0.092","0.267","0.321","0.285","0.268","0.210","25","109","82.9","12.6","2245","88.2","87.95","43","229","246","-0.3","6.34","108","153","119","146","302","321","293"
"470",642336,"Mejía, Francisco","470","100.0","0.242","0.121","0.273","0.363","0.296","0.281","0.226","30","124","85.1","12.7","2225","87.6","87.47","53","274","196","-0.1","6.40","111","155","117","149","296","325","294"
"469",553869,"Díaz, Elias","469","100.0","0.156","0.082","0.181","0.238","0.217","0.288","0.227","19","122","89.0","12.9","2341","88.2","88.26","63","242","226","0.1","6.28","108","149","118","146","310","327","293"
"469",605412,"Panik, Joe","469","100.0","0.252","0.108","0.271","0.360","0.290","0.297","0.258","28","111","85.3","8.9","2251","89.4","89.22","29","198","270","-0.2","6.24","117","152","112","150","287","318","296"
"468",665155,"Maton, Nick","468","100.0","0.250","0.111","0.362","0.361","0.294","0.275","0.222","27","108","87.3","16.7","2246","88.4","88.24","75","239","229","-0.2","6.34","114","152","112","151","287","318","295"
"462",643446,"McNeil, Jeff","462","100.0","0.235","0.109","0.250","0.345","0.303","0.330","0.244","28","119","88.3","12.0","2205","89.2","89.10","53","260","202","-0.1","6.39","114","151","113","148","292","321","299"
"455",622110,"Duffy, Matt","455","100.0","0.278","0.078","0.333","0.356","0.332","0.363","0.297","25","90","87.6","6.8","2326","88.5","88.27","19","171","284","-0.2","6.48","108","151","116","147","298","315","279"
"453",640461,"Pinder, Chad","453","100.0","0.225","0.153","0.310","0.378","0.280","0.341","0.247","25","111","92.8","3.0","2229","88.3","88.25","59","220","233","-0.1","6.33","110","153","121","147","305","327","293"
"448",621438,"Taylor, Tyrone","448","100.0","0.232","0.212","0.262","0.444","0.335","0.330","0.229","23","99","86.7","17.6","2320","88.6","85.18","52","220","228","-3.4","6.24","107","152","119","146","300","319","293"
"446",595751,"Alfaro, Jorge","446","100.0","0.250","0.086","0.351","0.336","0.283","0.297","0.243","29","116","93.4","6.5","2325","88.1","88.00","80","256","190","-0.1","6.32","108","151","120","148","307","319","290"
"442",593643,"Alberto, Hanser","442","100.0","0.272","0.120","0.304","0.392","0.295","0.294","0.273","34","125","82.6","11.9","2251","88.2","88.06","45","277","165","-0.1","6.29","105","151","109","146","301","323","293"
"442",641796,"Locastro, Tim","442","100.0","0.186","0.044","0.230","0.230","0.235","0.272","0.220","21","113","80.7","12.3","2289","89.2","88.20","46","201","241","-1.0","6.45","104","151","107","147","305","319","290"
"441",641470,"Collins, Zack","441","100.0","0.212","0.131","0.311","0.343","0.297","0.322","0.225","21","99","90.0","18.2","2218","88.9","88.62","60","199","242","-0.3","6.22","115","166","119","150","288","325","304"
"438",592200,"Casali, Curt","438","100.0","0.176","0.110","0.250","0.286","0.263","0.278","0.180","16","91","86.9","22.2","2321","89.2","89.03","59","188","250","-0.2","6.26","106","152","121","145","300","322","292"
"437",644374,"Chang, Yu","437","100.0","0.167","0.118","0.208","0.284","0.213","0.246","0.202","17","102","86.0","26.1","2222","88.8","88.36","53","215","222","-0.4","6.26","107","152","119","146","301","321","288"
"436",642165,"VanMeter, Josh","436","100.0","0.155","0.095","0.218","0.250","0.253","0.272","0.168","13","84","88.4","17.9","2214","89.2","89.32","52","166","270","0.1","6.39","114","151","122","150","297","324","304"
"433",664247,"Garlick, Kyle","433","100.0","0.232","0.232","0.286","0.465","0.317","0.352","0.253","23","99","88.4","20.1","2234","88.0","87.90","58","201","232","-0.1","6.22","108","153","121","146","303","324","294"
"425",663898,"Rodgers, Brendan","425","100.0","0.274","0.189","0.314","0.463","0.350","0.324","0.242","26","95","90.1","8.5","2304","89.2","88.99","41","193","232","-0.2","6.23","107","151","117","147","308","327","293"
"425",467092,"Ramos, Wilson","425","100.0","0.200","0.192","0.212","0.392","0.271","0.278","0.223","24","120","89.7","7.5","2302","88.6","88.38","66","236","189","-0.2","6.29","108","155","123","148","302","327","292"
"422",641680,"Heim, Jonah","422","100.0","0.227","0.165","0.250","0.392","0.289","0.282","0.233","22","97","86.3","9.3","2256","89.4","88.25","37","208","214","-1.1","6.25","114","161","125","151","298","324","299"
"417",669222,"Senzel, Nick","417","100.0","0.252","0.063","0.284","0.315","0.288","0.354","0.307","28","111","88.9","10.5","2331","88.9","88.97","39","219","198","0.1","6.33","107","150","113","144","301","323","286"
"414",664774,"Wade Jr, LaMonte","414","100.0","0.273","0.227","0.292","0.500","0.368","0.328","0.253","24","88","90.2","17.9","2243","88.3","88.35","31","195","219","0.0","6.31","118","152","116","151","295","322","301"
"413",642423,"Sierra, Magneuris","413","100.0","0.235","0.031","0.295","0.265","0.246","0.253","0.237","23","98","81.8","5.8","2299","89.4","89.04","33","203","210","-0.4","6.37","107","145","99","149","284","313","298"
"411",680777,"Jeffers, Ryan","411","100.0","0.204","0.215","0.264","0.419","0.292","0.299","0.215","19","93","90.6","13.2","2309","89.2","87.86","60","186","225","-1.3","6.26","109","152","122","146","302","325","287"
"409",657108,"White, Evan","409","100.0","0.144","0.093","0.188","0.237","0.199","0.241","0.191","14","97","85.2","19.5","2228","88.0","86.83","59","197","212","-1.2","6.25","110","153","121","146","297","320","289"
"404",649557,"Díaz, Aledmys","404","100.0","0.278","0.157","0.312","0.435","0.334","0.369","0.302","32","115","89.2","13.4","2241","88.3","87.72","47","221","183","-0.6","6.28","108","153","119","146","300","329","292"
"398",664057,"Stevenson, Andrew","398","100.0","0.227","0.082","0.313","0.309","0.265","0.297","0.246","22","97","85.2","3.2","2297","89.0","88.52","52","186","212","-0.5","6.25","113","150","103","151","290","317","302"
"397",519058,"Moustakas, Mike","397","100.0","0.241","0.195","0.250","0.437","0.334","0.296","0.207","21","87","86.5","16.5","2266","88.2","87.86","50","192","205","-0.3","6.18","117","162","124","151","295","326","298"
"396",592444,"Jones, JaCoby","396","100.0","0.170","0.080","0.268","0.250","0.205","0.255","0.200","17","100","89.4","10.4","2278","88.0","87.38","76","207","189","-0.6","6.27","106","153","113","146","298","326","293"
"395",669289,"Espinal, Santiago","395","100.0","0.295","0.074","0.354","0.368","0.318","0.275","0.239","28","95","83.3","7.9","2235","88.0","88.07","34","191","204","0.1","6.24","103","151","110","144","297","314","279"
"395",614173,"Cordero, Franchy","395","100.0","0.179","0.095","0.281","0.274","0.223","0.240","0.190","17","95","88.1","3.4","2165","88.4","88.15","87","217","178","-0.2","6.31","116","151","115","151","288","324","305"
"394",547004,"Ruiz, Rio","394","100.0","0.167","0.133","0.207","0.300","0.248","0.254","0.183","15","90","86.1","10.8","2345","88.7","87.82","64","210","184","-0.9","6.31","116","155","119","151","289","324","303"
"387",502210,"Reddick, Josh","387","100.0","0.265","0.088","0.338","0.353","0.276","0.269","0.254","27","102","83.6","16.4","2226","89.3","82.67","45","208","179","-6.6","6.37","117","160","121","151","298","325","302"
"376",606299,"Peraza, José","376","100.0","0.204","0.194","0.198","0.398","0.281","0.263","0.212","22","108","84.2","20.3","2305","88.5","88.48","35","193","183","0.0","6.36","106","152","115","147","301","314","287"
"365",553902,"Astudillo, Willians","365","100.0","0.254","0.131","0.248","0.385","0.286","0.287","0.258","31","122","84.9","17.8","2319","88.9","87.10","24","222","143","-1.8","6.22","108","152","122","147","299","321","290"
"360",621439,"Buxton, Byron","360","100.0","0.369","0.398","0.412","0.767","0.492","0.436","0.322","38","103","93.1","8.6","2320","88.4","86.75","63","202","158","-1.7","6.21","103","152","117","144","304","328","296"
"349",591720,"Torreyes, Ronald","349","100.0","0.253","0.121","0.288","0.374","0.289","0.239","0.218","25","99","80.8","15.9","2207","88.4","88.23","35","185","164","-0.2","6.35","104","151","109","147","296","311","275"
"348",673357,"Robert, Luis","348","100.0","0.316","0.147","0.433","0.463","0.355","0.317","0.251","30","95","89.4","11.8","2315","88.6","88.41","70","215","133","-0.2","6.31","106","153","120","145","301","325","296"